{"max":0.25778187034730254,"peaks":[0.15011170376332728,0.17864071943558033,0.18821698750170235,0.23459082379374283,0.18202884940056924,0.1415183500018377,0.25778187034730254,0.18222973137125034,0.18062208870193525,0.2322038010674155,0.1771123749633574,0.16562835574770413,0.20168401349486026,0.22721717990270768,0.17399479642777393,0.19387687611071863,0.17211395895560272,0.15685864199456165,0.17127254446112702,0.19578899704963182,0.16611015689026848,0.196126751987037,0.24167817912862155,0.17886688721566352,0.15084142103948162,0.22178754952702348,0.1915034871115773,0.19846726642762297,0.21836493410719235,0.16137771703421602,0.158376095603681,0.19263464667622243,0.1910164200610061,0.1673503883837741,0.19781968357731136,0.19535362528899358,0.2104576484240367,0.22320569056188333,0.21673544968950564,0.1698672699122918,0.21468461995567067,0.22751217561030926,0.17345314779804666,0.17702923622151556,0.24085511112738275,0.19580934468274847,0.17659732266877531,0.24391253486044656,0.18170896217339924,0.20018506552322277,0.1945696657256912,0.15805601181438114,0.12109290856283202,0.137309516085737,0.13725641012491047,0.1612850636082119,0.15652520317827398,0.13416879074839372,0.16362301599948634,0.14974113669985667,0.12872211240315137,0.13664734786216962,0.14995222504252095,0.15450559172850603,0.14621520833327264,0.15557348072933652,0.15974304890756374,0.14067430083888838,0.17126040137259899,0.14687219390133868,0.2182782197705059,0.18386501582905604,0.24482323356171679,0.19294254112036519,0.16955044308009234,0.21894825203119198,0.22287431520072162,0.19828185331727508,0.2225974805533145,0.248954373946419,0.19561424468861072,0.19747418454039395,0.23659775588320472,0.19423331566982588,0.18916905111375656,0.2509096003444604,0.19439745300704572,0.19714906619438616,0.24124526382956096,0.20933940995521844,0.20364689726741525,0.23153680605389992,0.21442326965662098,0.2152853422744757,0.22505693981499325,0.020736522642487237,0.0019039006771302408,0.0006481890805387241,0.00021283775413077937,0.00006649940349539512]}