{"max":0.17011418972493464,"peaks":[0.0347682000951436,0.0747731500474887,0.09073616934297515,0.06500006569785528,0.07682560606032333,0.08096946997581951,0.08058453222237778,0.1117390614866753,0.12458405122703649,0.10280953330581485,0.09587200324243661,0.11500681521533845,0.11545541580741535,0.11060664335955904,0.11886399982753078,0.11706894072181655,0.10508060096370411,0.11158776773392155,0.12426853330674253,0.10942830805361611,0.09394945080672329,0.13673199416842047,0.13263342460962602,0.09884715801203353,0.12935585625972953,0.14160828495259625,0.11442592420046586,0.13509517749518193,0.11687312747764537,0.11910236735625924,0.11004990885391244,0.12265832176627081,0.11493636826052928,0.1005992764736582,0.12058781807670749,0.12027345749180933,0.1143123081562616,0.1035165182544667,0.11809285408787676,0.11725592325276642,0.10073293144730337,0.13419578056426518,0.14151150203020715,0.12213687544707984,0.11366610331300475,0.143508609119124,0.12889768607612812,0.14628087765699774,0.10044010558480516,0.1343931328162324,0.13458012924900278,0.12395148075681868,0.11548709780808593,0.12137371390034088,0.12133316946700694,0.13069523247660486,0.17011418972493464,0.1677143803869591,0.15178073745049592,0.14205800447199582,0.1606861298650944,0.1474426100196993,0.14032111907994207,0.14328843478698108,0.11633651542477369,0.09911072729444642,0.11086410062229964,0.11886198246975646,0.11321962464899663,0.1078984921525924,0.11345235414813332,0.11626130519197334,0.09569102145163215,0.11759393788745069,0.12066361356274156,0.09949624173114373,0.09360135199496247,0.13841082278429864,0.14354393123964587,0.12066022040197649,0.12386619970587769,0.14706158750736673,0.12588626372130235,0.12297662867989283,0.06188857164647791,0.06820108058386815,0.06713001961751737,0.07612952595432583,0.06683174773369005,0.07032617546969525,0.07056781516608646,0.06220158074305483,0.07046310151358774,0.06856111073298268,0.0645939964316797,0.07364628125941745,0.07057206659455352,0.042269752187950614,0.011853681135797966,0.002041444786256809]}