{"max":0.14097613329142628,"peaks":[0.015176692833839791,0.07616534306434843,0.08448447247985152,0.0723129099809533,0.03862218194294259,0.06271474609943939,0.07736354968835944,0.1049641538613572,0.08421623756421395,0.09532831105662755,0.08497892581907286,0.10974418995591907,0.052844290113048566,0.10571094926103863,0.07755764082196567,0.09380439224705744,0.08582163402303399,0.10493801763394313,0.0574981160648858,0.09040924098240039,0.09900088414922253,0.09696166138481227,0.05722784958535629,0.12353282174395447,0.14097613329142628,0.1202396129129597,0.11786814659398782,0.08203771107281756,0.1390307758990838,0.10048406777378366,0.06471129196243153,0.06365210350047779,0.11420261737154438,0.10555751895119893,0.09726046210300597,0.09944793031981759,0.07415092741017314,0.08553966413491507,0.10258463366370424,0.09419025995360947,0.10250447491280543,0.06715055492433696,0.08084593054503125,0.05848192406891116,0.08145598776489914,0.08895190635172637,0.10090914242742927,0.08618154228857061,0.12475278707893997,0.10223100513444355,0.1216023543942327,0.11889023866672895,0.06939824093004016,0.10315256461186688,0.08827639970040488,0.0871900804974954,0.11710437680042804,0.09570429699242357,0.09168239848009957,0.06489047300761948,0.05816034732390354,0.07507903857773464,0.0652855225120457,0.03811621945017918,0.05761847647931395,0.061488342342441105,0.08375188650854745,0.0800785955927571,0.06950559753593162,0.06391584885304923,0.1150574947161238,0.09238935788835287,0.06486266817743273,0.05430068938467678,0.07648991387690923,0.06101177591554604,0.0943262478254354,0.07375725328322252,0.11919257558088131,0.10475958788145406,0.07483440793122584,0.09248634661241059,0.07268743221969332,0.04820465306422356,0.09058529363595295,0.06724127301404945,0.12999589500261122,0.1009889539593574,0.07425103422916482,0.11946891237588349,0.10929155331572704,0.05632927156487175,0.06446326090336696,0.05114395982312546,0.040507479763955634,0.07524044982387677,0.02661453123478695,0.009517901510505135,0.00003734794053015885,0.0000015494232258496403]}