{"max":0.2646556907465725,"peaks":[0.02416383049650182,0.03358106198895413,0.03162075239156275,0.035161636555173514,0.03643657514086008,0.038345505286265305,0.0381136350028885,0.036248915842927706,0.08352193079133322,0.10001625915737083,0.08596316666924916,0.09002857934111415,0.07146299242419762,0.09547720510473078,0.08444492707403109,0.1130808044572458,0.1487899760769973,0.15030591029607163,0.13582818990673792,0.1461393538388604,0.19816120079229135,0.19176572508682085,0.17582344311144255,0.2646556907465725,0.18392670281384324,0.17947243765203405,0.14812895874472964,0.15394074151268597,0.23793859424408856,0.16324663053616464,0.18682235417494783,0.25155936228313464,0.1390584767500948,0.21937247679257127,0.14763717739837395,0.14656106665337218,0.14149337320487948,0.15622154136300714,0.1974468689519636,0.2356413262903457,0.1511582389622027,0.2157917507007516,0.1444226466507983,0.13329954320075196,0.12930623430799795,0.1588279043679451,0.1840114939944973,0.2236521852248061,0.10227510231968757,0.09292933382125128,0.09300659222835364,0.16466114438401722,0.12261004349602,0.11886618081948691,0.10080352970789253,0.15365528936251274,0.1704771521397166,0.15570412697421399,0.16250628552181404,0.17987783589979922,0.16486373415193184,0.17406094687768084,0.18597511790104307,0.24539481047168768,0.1583127452358067,0.138754009877826,0.16880915396818147,0.17036878629743427,0.15417847743311555,0.1789152490111993,0.20742836434452538,0.23131818139454105,0.1789318045460525,0.17892986319434567,0.14836145115224045,0.1452354108495529,0.1823716955034536,0.21088863921970002,0.2596446878242852,0.17988437316320424,0.13611949723064287,0.11036557378811698,0.12488269719260224,0.11992362575495646,0.12719086619371942,0.1980367834805306,0.22131288829802243,0.16471864902911607,0.18344685538150732,0.145063007375651,0.20541553135717516,0.18441256024549155,0.1875405695225591,0.2109091162487136,0.21107997946780643,0.1750900128224905,0.10950003827284668,0.008950929912588399,0.0005419366527897752,0.00010284090236041181]}