{"max":0.22259796172798513,"peaks":[0.023041041772897165,0.07556453211361776,0.1327176343973032,0.11539065878831065,0.1143961733342568,0.14999589914155104,0.0981323026844733,0.07704964442725068,0.0789761390171682,0.08332057127985706,0.1219983782325048,0.09839281002580333,0.14394925393999647,0.09070398365388684,0.11062023665076469,0.13468633053781856,0.08786769136785777,0.07049387680274653,0.06971577559989436,0.10326565335232124,0.11693066365693426,0.10246219978705663,0.15252947661978095,0.0916868624252329,0.12738545292530154,0.11746647987526875,0.07937173804614753,0.0727246443686868,0.06872278599632349,0.10891197437445009,0.10004563779928413,0.13027278202055215,0.13149983013736408,0.1211829835774833,0.1616970599620077,0.12262593786466813,0.09795422297828119,0.09598867633849958,0.08695737536668602,0.1694024066577718,0.18666516153995677,0.18320167018204012,0.16660417291222543,0.17535074131655481,0.19644321104986928,0.1805495226825583,0.15276128936117017,0.1280041685818279,0.167556956131894,0.19211482973943608,0.17968621346874467,0.18073391942389197,0.12513861834142406,0.18167687670053045,0.17337651505562712,0.16174864671401132,0.15598633724215274,0.1516091289668706,0.15818975744838037,0.17461489191814744,0.15343613141879295,0.18544983638110424,0.128518311575063,0.19426627026256932,0.17069703397231692,0.13598399563013716,0.14217028215903954,0.12947365285306087,0.17015141252382948,0.17124685487143299,0.15757894704689834,0.16602086687030335,0.16176226501865054,0.18736467069247897,0.1711463284407593,0.14344983855131913,0.11598081712986555,0.13701661607873927,0.18002621770845337,0.1653565414008697,0.22259796172798513,0.2047247227375429,0.16828261455562674,0.1595120367250011,0.11310876699105177,0.12270265021878425,0.04180723751627668,0.016016836303450174,0.01599049935056463,0.013507656798868069,0.014947320466653865,0.01889245033182582,0.01583785863429547,0.0021898037992072504,0.0005271586309681277,0.00009561157503568261,0.0000259445769056511,0.0000031034651460760547,2.1750276432103666e-7,4.0713633455644965e-8]}