{"max":0.25081838374197685,"peaks":[0.18003608069819332,0.23523236509703938,0.20584553911164674,0.23505918517601423,0.21629277959888263,0.24816923166196753,0.20735491494615058,0.21179827881165741,0.20128627871102528,0.16426869364530158,0.1581293018002173,0.16880142627474032,0.21298554933871996,0.22352528380762987,0.22950202047386753,0.19770687014031885,0.21420134225121493,0.18163985042882327,0.14736013727775843,0.1954378053778206,0.20758057999804302,0.21572910904508247,0.20488698962379434,0.17178427103066835,0.19550751299612212,0.25081838374197685,0.22796354042293424,0.24570647322687708,0.22426554481420968,0.2285887272559904,0.20587346355767555,0.2081119611091133,0.22512212938264906,0.1708927119941946,0.1736922911235831,0.20242070984576493,0.2233740626371093,0.2171396615452252,0.2276625407544307,0.23520759144461081,0.24796679133080746,0.17100768285492335,0.17246886948067824,0.1718616208553023,0.22473102580676177,0.21496511172031307,0.21498797087412935,0.1967027689419563,0.20420883844234464,0.202890349084669,0.2244633638606892,0.23145911941118946,0.20302516662217224,0.25014212680652054,0.230084532709075,0.21560826990664375,0.24227532354946738,0.20852996363856394,0.1589199254188335,0.2002850270085692,0.24020452131281397,0.21865177990631732,0.19604928781794081,0.2167243490367984,0.20610072113653444,0.20885141972959692,0.20092855098387657,0.20286230294919522,0.18514297387100992,0.248849061720776,0.1977208817733078,0.2271989866507119,0.16909736555758273,0.1912100166410766,0.17139366973217016,0.23984520445570165,0.17791784080931172,0.23517390253010872,0.17722867967554715,0.20739499615826984,0.19444585153073704,0.18661308385936431,0.16936651686910612,0.18016669177706285,0.18334453508222293,0.21454724139388875,0.1938260906872401,0.2377533253240593,0.21138429757329558,0.1903588638845753,0.14345609442111407,0.16086419956177714,0.16142270410194937,0.2194633431831894,0.190850358147622,0.18823003086030193,0.19467489130187002,0.11581782888318629,0.0019196530253111689,0.00004047119843991117]}