{"max":0.11099006338870376,"peaks":[0.03961966534689697,0.04029169380851212,0.04494660174245208,0.044874258025228875,0.0497541721273602,0.04240739341706313,0.04072983001045417,0.043710034146853524,0.04048355446997018,0.04615857568876153,0.045811975006461045,0.04283867004680978,0.026287860135747423,0.08628706325764234,0.06367073823938717,0.0723263165390336,0.08393092204512342,0.0679309720081303,0.0730391402926396,0.07027368820715078,0.06947722812045957,0.07958383450994523,0.07470719803095355,0.07839522867216817,0.08018893806560612,0.06690667950663202,0.07079585453707471,0.07547506163108263,0.0712635978398546,0.0771510369131393,0.06969753669848029,0.08312242720481867,0.09960009629222398,0.07721084952686284,0.08867425464176833,0.10342147908877558,0.06516659224031254,0.06298594260734741,0.08694721477603432,0.07628877975928929,0.08491270833484686,0.08392907228049558,0.08641364870419656,0.08287349291428381,0.08146673801190107,0.07737682553215913,0.08802057796540659,0.08417301299785197,0.07136916021902852,0.09399905257689536,0.10535746843830082,0.0808940334283877,0.06933314133270108,0.0834117090469088,0.07918389585060875,0.06937218482210963,0.08110539466575667,0.09293016858749378,0.06738715914876876,0.0749249370050543,0.10256075397135245,0.09490594547870278,0.09795810505326843,0.0992540283861482,0.08755118931001402,0.0848961319671691,0.08241697447163276,0.09610068033755365,0.10408048888401676,0.09072145978133667,0.08596201689750357,0.09366431856148037,0.10051699633225045,0.08449078401549381,0.09979227033323015,0.11099006338870376,0.09715266760347516,0.07021369498446138,0.08219564750159963,0.1054270979110708,0.07889746713314807,0.0842311782710505,0.0830220204223056,0.08241478259437349,0.07454055204053103,0.09555367815261798,0.09849092754083981,0.10873339410517767,0.09109761542543589,0.09855485130439717,0.09261568475328184,0.0811652154457294,0.09890300068839054,0.0868433308422597,0.08153644775081943,0.10495959630809543,0.08012037422291024,0.07627532520700757,0.008908940922680193,0.00010833399290388018]}