{"max":0.3138619793110578,"peaks":[0.13618930891915948,0.15105178515072915,0.17803630500887146,0.1266409734699562,0.13378013040477357,0.16010735128455025,0.1350290282494744,0.16621518188016426,0.13813569761107322,0.13299285205358888,0.2237148623319907,0.18728661612522343,0.2275820998737845,0.17426297486731163,0.18204531526658146,0.1963077293669493,0.18104396286217056,0.21425082829723385,0.18108349358369347,0.1961477232162016,0.2189392327048969,0.16831536002246075,0.19293567444032186,0.16445980542703767,0.1677409151265416,0.24388745050725094,0.1848422820112643,0.20245582894986552,0.19308857939756668,0.18048517430522376,0.2489370069790052,0.19541624371719835,0.26555139216925616,0.17750625514991772,0.18445997498281796,0.2199574160272642,0.18824508020381778,0.2351596446543001,0.3138619793110578,0.25748359767752516,0.25265868612786724,0.18426183421816242,0.31109072407266086,0.16541561029783527,0.1868479029807468,0.2338844081629715,0.16835997511498946,0.24585029662081853,0.2977107251331377,0.26342954615041086,0.23026481737333646,0.18818761304545245,0.2820521515877483,0.21364997236871575,0.1717582324477667,0.23648954102522365,0.1748634484250521,0.25331592769587574,0.17380668184172246,0.20853044299806736,0.23224901369166334,0.19047911555967412,0.25853630971186237,0.1981222048935928,0.2161597785963725,0.23556278225323776,0.1618815762075198,0.23492097452814542,0.14407684242426427,0.2061556969995739,0.131925377975208,0.11104428272803177,0.09872982533767573,0.084749803859109,0.10810491082671164,0.09331175460046529,0.09511881157201148,0.09140922723684698,0.10519474642367611,0.09537428110470451,0.10183778246383504,0.11070404837096808,0.09526904000753034,0.08772734217165161,0.10690266840183589,0.09030473732043824,0.09225091637571221,0.09828965683463772,0.09215426121328828,0.15869343142275966,0.19283617771230951,0.011387491516388975,0.0002582209199309152,0.00000511020430080996,5.785737273008483e-7,4.671806013615047e-8,2.0678498426930696e-8,0,0,0]}