{"max":0.11436464790525891,"peaks":[0.06526078903190863,0.06090756672472847,0.06445841125790555,0.07260356867107412,0.07359743108008017,0.07195268009581181,0.0743027408344622,0.08333557007851913,0.07461903301735147,0.06882361908328848,0.07477448282416001,0.07874280479708655,0.0861922407785447,0.07341030735942218,0.07167220397226558,0.06661698612624532,0.06805913642272995,0.06372849523817099,0.07237110118510207,0.06899129121777141,0.06454587065592196,0.0600534700717688,0.0779059773757195,0.06698725688154239,0.06579634087503217,0.06729315078193458,0.06594006766112465,0.0625667074291692,0.06426938644952394,0.08602613626380294,0.07318579218830543,0.06906212663060128,0.06411154658733517,0.06127280334299513,0.06676638774446997,0.07116068542529531,0.07602461725707421,0.08497432131416531,0.07781976084525027,0.07559948374358609,0.07160863197862354,0.08025739397726546,0.08174631465520225,0.07769546843004557,0.06635318221799215,0.07032324319505552,0.07018813855679289,0.06385973712291208,0.078917385653657,0.06989469807636596,0.07080465193478415,0.06583259129856744,0.09176891399826174,0.06280162047501188,0.06731849411147081,0.065882405967769,0.07004300444253256,0.06840090922650549,0.06790564628148218,0.0760502578511342,0.07051340803929411,0.06421601509636728,0.06288637306012781,0.063768415216146,0.0771223334515205,0.07013155378890158,0.07267919527119765,0.08457325336832372,0.06614424997844869,0.09798077718828543,0.06651900226146147,0.0789401775891994,0.08413187243159058,0.07329037783328164,0.06763609366081327,0.07151871684306645,0.06638745912177056,0.067387669705391,0.1044785881515382,0.0807894006325753,0.06518984191632456,0.0689166423720367,0.06771592893684614,0.11436464790525891,0.06935111108130386,0.06548950307989089,0.06586864918399266,0.07831556238244494,0.07432580040827531,0.07008897525699405,0.07451100480910992,0.06383794364605078,0.014830832039728216,0.00015184747603241063,0.00001909381395548852,0.0000014126156352511466,8.777608542540437e-9,0,0,0]}