{"max":0.2571186757410481,"peaks":[0.013658029159295664,0.034552412308914884,0.03902785370758212,0.0363008512953852,0.0433407825557069,0.04714102176811338,0.061830419226212546,0.062018607270390755,0.07822632703233655,0.09413688720245311,0.19078814019846585,0.16800634864994882,0.14162647628439004,0.15302245147648086,0.13529641011077478,0.1372031289425584,0.14655133507792625,0.11866204278936393,0.14253862977022033,0.1430041200407848,0.16011903980891612,0.15569228599268248,0.14873144594927398,0.13980722158815434,0.153771979966665,0.14487008339286378,0.1429449631394908,0.16291585849323542,0.18612168641469976,0.12548693550449053,0.14009879981053117,0.14138422299320966,0.13467327822752675,0.18705035536075804,0.16583809745684636,0.2502190402210893,0.18820973337281194,0.1489323188654814,0.15605609531363707,0.14167386734434984,0.1809869944544482,0.1583410959822798,0.1524770871952108,0.19902827284030697,0.22142625824054785,0.19551377895266978,0.2005942869652064,0.22889559971396098,0.20707225318375524,0.19576906581532844,0.19194491675522782,0.2017227082299199,0.1961147864450209,0.2001750016002166,0.1926831081721328,0.19868552282145024,0.19297510002263452,0.19943878142310695,0.23176226834089306,0.18493673579840056,0.218170097132946,0.18853987803005448,0.17368570478962744,0.1805618310793238,0.210336669215927,0.21560802673388935,0.18729152222383028,0.166101397811414,0.18908759582124904,0.1881097160664798,0.1964768289148022,0.22109562471069283,0.2531005309734834,0.2571186757410481,0.19649910999273276,0.19211827723476327,0.16188462751813995,0.19303089085898956,0.21076977166604727,0.19172621749572274,0.2084927434292894,0.2484991961437865,0.2557663817823857,0.20481729188008077,0.22794485894718156,0.20770721574607212,0.2339877967126354,0.20531752656595442,0.2240126079535065,0.2128581493969798,0.23038732059076772,0.24937714798880012,0.13479241383142399,0.027375439390314817,0.010584594471577223,0.00452424374401246,0.002003591829152932,0.0008801260074043069,0.00031897712316924473,0.00007595949958818957]}