{"max":0.18299295876409916,"peaks":[0.1683454826328229,0.09760673492850559,0.10274814995904502,0.07860774610926975,0.07612930598358565,0.08682789946165143,0.1766513876206095,0.16255534557445672,0.11870334448667587,0.09758971275739621,0.06834244963660989,0.051399192772181225,0.1447592636901549,0.15110737649675732,0.13055054131022906,0.13680220078460506,0.10122149157454524,0.10316144839876404,0.10734630891484104,0.12619512770151287,0.07199314671103971,0.07650714964034795,0.05244724789553318,0.0692553372917206,0.09048365847186736,0.1796323539030903,0.17269207888346946,0.12255864351014734,0.12850035410456434,0.14328261036311724,0.1819183722488921,0.14425249264485618,0.12411785991500321,0.07982366193169448,0.05321063296398825,0.06820226296851889,0.08989955973134282,0.15325311538490757,0.09345314129385827,0.09143689506048373,0.17245319427110792,0.11366306286184408,0.09943187365821449,0.1463567899347798,0.12794920335443297,0.11015014541512809,0.15474161909724662,0.08984691560205123,0.13622332495632133,0.09655072965600313,0.18299295876409916,0.11054196717833589,0.14287816169296588,0.086564250977748,0.08149594783391287,0.06999603824988346,0.1534758906234111,0.17112295629973961,0.1338402723726375,0.15848995092960183,0.0973178532505349,0.09431351407725738,0.13009529813254195,0.10789678531286391,0.13934813624859402,0.10167641388638197,0.12320569913339266,0.09905957517918218,0.12422142058656484,0.14446379442798354,0.11469851038364968,0.17033692340028375,0.05844561192385862,0.07461222064169605,0.07336848239650536,0.1669597915763711,0.10905574308471913,0.14329193471108118,0.08418905006137968,0.08347544119396454,0.06945677698180723,0.1654969852588981,0.16780553556578118,0.13755280420773253,0.15867130413280534,0.10442536030724753,0.10095117899243476,0.15158841999006722,0.10806967376364549,0.12808142802115274,0.10037063103728969,0.12430097638605137,0.08431651957696824,0.07676329716028722,0.10358428540832217,0.1078192317349731,0.1628117035983058,0.05301360434868852,0.035409740576228546,0.003064867203871666]}