{"max":0.11305148874804258,"peaks":[0.10263144993822194,0.11000667799432962,0.09097578654389057,0.0896503343467097,0.08143583900864503,0.08148291591040986,0.09565826772356564,0.09234968388485808,0.079471252681397,0.08802014435561341,0.07749307371433756,0.08754349900060157,0.10433048820557883,0.10480264131273705,0.10739264513130063,0.08258322738892862,0.08970629398683708,0.10156568631749643,0.09169724597360028,0.0898325164534318,0.09384356745318562,0.0862805605213304,0.08938221324669939,0.0934452365062157,0.08174779840441708,0.08804094882319044,0.08333383663202557,0.08693571725928059,0.06768243879692339,0.07636304240732456,0.10146472621074708,0.09656240064462845,0.08645619442015025,0.06023424239043882,0.07096103080058598,0.08626009099042038,0.09543034783554243,0.10723706566688838,0.09577455359645629,0.0827944157198065,0.0791621476037422,0.10068157785323467,0.0897909845408701,0.09931162803302224,0.092096874628539,0.07831118305285105,0.08874261487109276,0.09682673523180789,0.09166782713741897,0.10609399678369931,0.09111288025412294,0.08182736666556818,0.07925548078904081,0.09662247892907663,0.08580259919912554,0.09328106665330489,0.08654994336673866,0.06933858270734805,0.06560262304988322,0.08539909596552313,0.07178964440461354,0.07874639358000876,0.09257738451398116,0.06777288339989396,0.08685583897649456,0.09008389017500178,0.08115127260839206,0.06332630280745988,0.06604465365020355,0.06650121542503984,0.06769147466873181,0.08765035499979526,0.08391668658193815,0.1022022792823392,0.09534435269750571,0.08716265609288468,0.0723364436844486,0.08087589337654794,0.11305148874804258,0.10725755731016365,0.09619129085788669,0.0825031176520164,0.08625310776417132,0.08290061654529428,0.07096639193483724,0.07182884119572738,0.08122897523418955,0.08131703851772877,0.07497536713548952,0.08334734717649173,0.0843860071055667,0.08123942750659786,0.06057324713485641,0.0701799798497808,0.07503543281379432,0.10744378673236606,0.05144882646684328,0.00035974409313396593,0.0000017750925842780315,6.562866713627889e-8]}