{"max":0.26824104661760806,"peaks":[0.03794257516966873,0.028425810967905432,0.04255336539241299,0.05291768986501335,0.10470745738368033,0.10965249961734526,0.11245848969918325,0.11620272761264798,0.09508505503433053,0.17870642736240272,0.17552164343804896,0.14460195344612872,0.1853845207619301,0.23173360449139274,0.1778509498094593,0.19048658044240396,0.21621748638180832,0.16193331691220073,0.16751160472199342,0.1618225371266595,0.18674041115288428,0.20267172047058873,0.2240339720593817,0.1956152513350755,0.20566367819704232,0.21822534090305137,0.19539779244839955,0.19581448016708464,0.1998442076096397,0.1873351695326244,0.17184670696907742,0.17610939429754052,0.17255927211007502,0.17882064754318894,0.13375353607617835,0.18127039672877698,0.15376874314656158,0.180156812475952,0.16525003412430153,0.23046255142661562,0.18515699122539492,0.1587001605679833,0.21402667383941806,0.13210154630812515,0.26824104661760806,0.17792605610986728,0.18027638493166712,0.18004130838561114,0.24077173033059912,0.16519564187935765,0.18553521390863606,0.16579132960847973,0.15101319333389435,0.20049014541931903,0.18495858132867576,0.20229287823890066,0.17729865486521368,0.19937044598128484,0.1806542618626425,0.17323644197439847,0.1637055668036112,0.17939620206949616,0.21210401950994123,0.17992598747769759,0.18741266857006647,0.1814350362027262,0.1863623086183435,0.16471583411314428,0.19978782003639575,0.14280690776271154,0.13256909226372604,0.12084318510255108,0.08849155995876178,0.06158553237929309,0.06344960968382923,0.026351488621377425,0.08339568440644984,0.039484703755235655,0.035927388864613725,0.050418144510249334,0.0873810949116122,0.050760867398978976,0.03265618468143356,0.04795707843139153,0.12850095050543203,0.07064218705901397,0.027466431841526934,0.021897543411854046,0.1246615692731355,0.07692523411955489,0.05111527651582446,0.027708549238299154,0.037695515171128256,0.037434098689167514,0.0014151004584043129,0.0000034036874174409604,0,0,0,0]}