{"max":0.17503244817233338,"peaks":[0.1606656775914348,0.1647814738656455,0.15169342623161675,0.1528545370598002,0.14411508033023948,0.16990204966518282,0.13596114534709577,0.14771388264434762,0.1587861495822791,0.15911027918645537,0.15519057124200233,0.13653989012855014,0.16747054133496037,0.15531886849848534,0.14034563432137437,0.13899197021064078,0.14731194065413633,0.14097729944877524,0.14512278262788475,0.14541770300720813,0.16074046824055396,0.1616191334274292,0.15642271554299902,0.15280963621687416,0.14475479127535276,0.1355357925610642,0.142596850955609,0.13587258972621966,0.1502751601524889,0.17503244817233338,0.14812988726484588,0.14969549510750543,0.14073316990004958,0.165809593467662,0.1691426431679074,0.16362129149986862,0.16610073676701032,0.1497711684797554,0.1509725332501423,0.15357808460428227,0.13976026514296544,0.1475982417201869,0.14425586771890966,0.16573508193127123,0.17059392989215427,0.1409048734790332,0.12778030899157866,0.15091438113007788,0.14609861505587768,0.1704370605965959,0.15457371315122134,0.13852183065475762,0.1583618153603104,0.12696927931908125,0.13827531995664635,0.1413258322317377,0.1537230266474806,0.1721802630334271,0.13793065997034998,0.14098109062745592,0.15476784397865478,0.14147283578945188,0.15909811003926796,0.14251164576914516,0.14678114356030464,0.15175699631944048,0.12825278939261475,0.16335613951055086,0.16094623126938426,0.14393020337818502,0.14577948275905245,0.14219830275677933,0.13863127437329273,0.1583970189155601,0.128870039288819,0.16119709657355383,0.15556759462229583,0.13297290637288253,0.14148886185586176,0.15541324282284835,0.1406854572725052,0.17091780054277006,0.15304517841768914,0.16103341047302588,0.15910612398580642,0.13898877470932042,0.14477285332583856,0.15180370929562068,0.15648392815145754,0.17237483209453294,0.1556940450856415,0.16200163803192055,0.15798094647408376,0.13680087686072606,0.14834228951315065,0.16624409697493303,0.16898228315276478,0.024685296010407,0.0022881146208830064,2.1665821661727033e-9]}