{"max":0.20000629653610502,"peaks":[0.000004225959774763646,0.1367587165029923,0.14294658330863877,0.162894017178568,0.1450122216975306,0.16514321312749028,0.14177168195163187,0.14745562147088664,0.1506692533336241,0.14736879547772758,0.16719066415124936,0.13843559437510325,0.16392582220387908,0.14510343382940116,0.1596649484765887,0.1494953212485947,0.15504328301678405,0.16837595216813703,0.15710165296218856,0.17233387334979416,0.15399465533214585,0.174209798278549,0.1756762975748325,0.17468092220205897,0.18187348764963326,0.18372610792038482,0.18783517747489753,0.18119767192355574,0.19408265004650072,0.1837896127344758,0.17918834217151852,0.17639559253701226,0.18509842807524132,0.19239845336926048,0.18586264259620663,0.1935233047890284,0.19214006099250794,0.18417009285639474,0.1739696042134643,0.1862567213822523,0.18681274618795787,0.1839359882089825,0.20000629653610502,0.18587127804411566,0.1914003413530465,0.17679461622245865,0.18494911611229725,0.18364934449476597,0.1854232405168752,0.18844255874994886,0.1877075960558429,0.10014813299665117,0.08270202164991798,0.08601119929431458,0.08326962548835348,0.08252843695857161,0.08619176887692437,0.0666140256817477,0.18511505339908188,0.17156185648366934,0.17339979083860246,0.1669014761078169,0.1650686503050044,0.1696160858334381,0.14029942879478313,0.18964157586445968,0.17479200288822092,0.1756549255858916,0.16648699336974088,0.16216013493300196,0.16475783063757157,0.15896591895168477,0.16171472743254836,0.16568766230191231,0.16890709881715896,0.1729898694216648,0.17203760769636003,0.1726962773615373,0.16018697007528127,0.16952301785472682,0.17500669773586355,0.17728411696365623,0.17390090869589192,0.18016765384170658,0.17436992576536536,0.17374982262417546,0.18412865977525117,0.16971363311993926,0.18294037037750824,0.17525305530641522,0.17687131112642354,0.1699602331123621,0.18551886446634974,0.17636801574776023,0.1817199087338204,0.18632888685424007,0.17501356789695804,0.12196137634058163,0.0548994618932118,0.007488872310871319]}